skill_id,name_zh,desc_zh,reserved_3,item_name_key,skill_desc_key,reserved_6,param_07,param_08,param_09,param_10,param_11,param_12,param_13,param_14,param_15,param_16,param_17,param_18,param_19,param_20,nested_21,nested_22,nested_23,param_24,param_25,param_26
100,全库透视,显示所有藏品的轮廓,,itemName_100100,skillDesc_100,,2,0,[0],0,[0],0,[0],1,0,[1000],5,[],1,0,[[0]],[[0]],"[[1,1000,0]]",0,0,0
103,四象窥视,随机显示4件藏品轮廓,,itemName_100101,skillDesc_103,,2,0,[0],0,[0],0,[0],1,4,[1000],2,[],1,0,[[0]],[[0]],"[[1,1000,0]]",0,0,0
106,十方窥视,随机显示10件藏品轮廓,,itemName_100102,skillDesc_106,,2,0,[0],0,[0],0,[0],1,10,[1000],3,[],1,0,[[0]],[[0]],"[[1,1000,0]]",0,0,0
200,总仓储空间,所有藏品的总格数为{0}格,,itemName_100103,,skillDesc_200,2,0,[0],0,[0],0,[0],1,0,[2000],5,[],1,0,[[0]],[[0]],"[[1,1000,0]]",0,0,0
201,普品扫描,所有白色和绿色品质藏品总占位数为{0}格,,itemName_100104,,skillDesc_201,2,2,"[1,2]",0,[0],0,[0],1,0,[2000],1,[],1,0,[[0]],[[0]],"[[1,1000,0]]",0,0,0
202,良品扫描,所有蓝色品质藏品总占位数为{0}格,,itemName_100105,,skillDesc_202,2,2,[3],0,[0],0,[0],1,0,[2000],2,[],1,0,[[0]],[[0]],"[[1,1000,0]]",0,0,0
203,优品扫描,所有紫色品质藏品总占位数为{0}格,,itemName_100106,,skillDesc_203,2,2,[4],0,[0],0,[0],1,0,[2000],3,[],1,0,[[0]],[[0]],"[[1,1000,0]]",0,0,0
204,极品扫描,所有金色品质藏品总占位数为{0}格,,itemName_100107,,skillDesc_204,2,2,[5],0,[0],0,[0],1,0,[2000],4,[],1,0,[[0]],[[0]],"[[1,1000,0]]",0,0,0
205,珍品扫描,所有红色品质藏品总占位数为{0}格,,itemName_100108,,skillDesc_205,2,2,[6],0,[0],0,[0],1,0,[2000],5,[],1,0,[[0]],[[0]],"[[1,1000,0]]",0,0,0
300,均格评估,所有藏品的平均格数为{0}格,,itemName_100109,,skillDesc_300,2,0,[0],0,[0],0,[0],1,0,[3000],3,[],1,0,[[0]],[[0]],"[[1,1000,0]]",0,0,0
301,普品均格,所有白色和绿色品质藏品平均占位{0}格,,itemName_100110,,skillDesc_301,2,2,"[1,2]",0,[0],0,[0],1,0,[3000],1,[],1,0,[[0]],[[0]],"[[1,1000,0]]",0,0,0
302,良品均格,所有蓝色品质藏品平均占位{0}格,,itemName_100111,,skillDesc_302,2,2,[3],0,[0],0,[0],1,0,[3000],2,[],1,0,[[0]],[[0]],"[[1,1000,0]]",0,0,0
303,优品均格,所有紫色品质藏品平均占位{0}格,,itemName_100112,,skillDesc_303,2,2,[4],0,[0],0,[0],1,0,[3000],2,[],1,0,[[0]],[[0]],"[[1,1000,0]]",0,0,0
304,极品均格,所有金色品质藏品平均占位{0}格,,itemName_100113,,skillDesc_304,2,2,[5],0,[0],0,[0],1,0,[3000],3,[],1,0,[[0]],[[0]],"[[1,1000,0]]",0,0,0
305,珍品均格,所有红色品质藏品平均占位{0}格,,itemName_100114,,skillDesc_305,2,2,[6],0,[0],0,[0],1,0,[3000],5,[],1,0,[[0]],[[0]],"[[1,1000,0]]",0,0,0
400,库存清点,本次竞拍共有{0}件藏品,,itemName_100115,,skillDesc_400,2,0,[0],0,[0],0,[0],1,0,[4000],4,[],1,0,[[0]],[[0]],"[[1,1000,0]]",0,0,0
401,普品存量,绿色品质藏品的总数量为{0},,itemName_100116,,skillDesc_401,2,2,[2],0,[0],0,[0],1,0,[4000],1,[],1,0,[[0]],[[0]],"[[1,1000,0]]",0,0,0
402,良品存量,蓝色品质藏品的总数量为{0},,itemName_100117,,skillDesc_402,2,2,[3],0,[0],0,[0],1,0,[4000],2,[],1,0,[[0]],[[0]],"[[1,1000,0]]",0,0,0
403,优品存量,紫色品质藏品的总数量为{0},,itemName_100118,,skillDesc_403,2,2,[4],0,[0],0,[0],1,0,[4000],3,[],1,0,[[0]],[[0]],"[[1,1000,0]]",0,0,0
404,极品存量,金色品质藏品的总数量为{0},,itemName_100119,,skillDesc_404,2,2,[5],0,[0],0,[0],1,0,[4000],4,[],1,0,[[0]],[[0]],"[[1,1000,0]]",0,0,0
405,珍品存量,红色品质藏品的总数量为{0},,itemName_100120,,skillDesc_405,2,2,[6],0,[0],0,[0],1,0,[4000],5,[],1,0,[[0]],[[0]],"[[1,1000,0]]",0,0,0
500,终极审计,本次竞拍所有藏品的总价值为{0},,itemName_100121,,skillDesc_500,2,0,[0],0,[0],0,[0],1,0,[10000],6,[],1,0,[[0]],[[0]],"[[1,1000,0]]",0,0,0
501,普品估价,所有绿色品质藏品的总价值为{0},,itemName_100122,,skillDesc_501,2,2,[2],0,[0],0,[0],1,0,[10000],1,[],1,0,[[0]],[[0]],"[[1,1000,0]]",0,0,0
502,良品估价,所有蓝色品质藏品的总价值为{0},,itemName_100123,,skillDesc_502,2,2,[3],0,[0],0,[0],1,0,[10000],2,[],1,0,[[0]],[[0]],"[[1,1000,0]]",0,0,0
503,优品估价,所有紫色品质藏品的总价值为{0},,itemName_100124,,skillDesc_503,2,2,[4],0,[0],0,[0],1,0,[10000],3,[],1,0,[[0]],[[0]],"[[1,1000,0]]",0,0,0
504,极品估价,所有金色品质藏品的总价值为{0},,itemName_100125,,skillDesc_504,2,2,[5],0,[0],0,[0],1,0,[10000],4,[],1,0,[[0]],[[0]],"[[1,1000,0]]",0,0,0
505,珍品估价,所有红色品质藏品的总价值为{0},,itemName_100126,,skillDesc_505,2,2,[6],0,[0],0,[0],1,0,[10000],6,[],1,0,[[0]],[[0]],"[[1,1000,0]]",0,0,0
600,全知全能,显示所有藏品,,itemName_100127,skillDesc_600,,2,0,[0],0,[0],0,[0],1,0,[6000],6,"[800,900]",1,0,[[0]],[[0]],"[[1,1000,0]]",0,0,0
601,随机抽检（1）,随机显示1件藏品,,itemName_100128,skillDesc_601,,2,0,[0],0,[0],0,[0],1,1,[6000],1,"[1500,1600]",1,0,[[0]],[[0]],"[[1,1000,0]]",0,0,0
602,随机抽检（2）,随机显示2件藏品,,itemName_100129,skillDesc_602,,2,0,[0],0,[0],0,[0],1,2,[6000],2,"[1400,1500]",1,0,[[0]],[[0]],"[[1,1000,0]]",0,0,0
603,随机抽检（4）,随机显示4件藏品,,itemName_100130,skillDesc_603,,2,0,[0],0,[0],0,[0],1,4,[6000],3,"[1300,1400]",1,0,[[0]],[[0]],"[[1,1000,0]]",0,0,0
604,随机抽检（6）,随机显示6件藏品,,itemName_100131,skillDesc_604,,2,0,[0],0,[0],0,[0],1,6,[6000],4,"[1200,1300]",1,0,[[0]],[[0]],"[[1,1000,0]]",0,0,0
605,随机抽检（8）,随机显示8件藏品,,itemName_100132,skillDesc_605,,2,0,[0],0,[0],0,[0],1,8,[6000],5,"[1100,1200]",1,0,[[0]],[[0]],"[[1,1000,0]]",0,0,0
606,随机抽检（10）,随机显示12件藏品,,itemName_100133,skillDesc_606,,2,0,[0],0,[0],0,[0],1,10,[6000],6,"[1000,1100]",1,0,[[0]],[[0]],"[[1,1000,0]]",0,0,0
700,明镜之眼,显示所有藏品的品质,,itemName_100134,skillDesc_700,,2,0,[0],0,[0],0,[0],1,0,[7000],6,[],1,0,[[0]],[[0]],"[[1,1000,0]]",0,0,0
701,宝光双鉴,随机显示2件藏品的品质,,itemName_100135,skillDesc_701,,2,0,[0],0,[0],0,[0],1,2,[7000],1,[],1,0,[[0]],[[0]],"[[1,1000,0]]",0,0,0
702,宝光四鉴,随机显示4件藏品的品质,,itemName_100136,skillDesc_702,,2,0,[0],0,[0],0,[0],1,4,[7000],2,[],1,0,[[0]],[[0]],"[[1,1000,0]]",0,0,0
703,宝光六鉴,随机显示6件藏品的品质,,itemName_100137,skillDesc_703,,2,0,[0],0,[0],0,[0],1,6,[7000],3,[],1,0,[[0]],[[0]],"[[1,1000,0]]",0,0,0
704,宝光八鉴,随机显示8件藏品的品质,,itemName_100138,skillDesc_704,,2,0,[0],0,[0],0,[0],1,8,[7000],4,[],1,0,[[0]],[[0]],"[[1,1000,0]]",0,0,0
705,宝光十鉴,随机显示10件藏品的品质,,itemName_100139,skillDesc_705,,2,0,[0],0,[0],0,[0],1,10,[7000],5,[],1,0,[[0]],[[0]],"[[1,1000,0]]",0,0,0
706,华丽宝光,随机显示15件藏品的品质,,itemName_100140,skillDesc_706,,2,0,[0],0,[0],0,[0],1,15,[7000],6,[],1,0,[[0]],[[0]],"[[1,1000,0]]",0,0,0
801,【能源交通】检定,显示能源交通的藏品的轮廓和品质,,itemName_100174,skillDesc_801,,2,1,[108],0,[0],0,[0],1,0,"[1000,7000]",3,[],1,0,[[0]],[[0]],"[[1,1000,0]]",0,0,0
2001,【家具物品】鉴影,显示家具物品的藏品的轮廓,,itemName_100151,skillDesc_2001,,2,1,[101],0,[0],0,[0],1,0,[1000],3,[],1,0,[[0]],[[0]],"[[1,1000,0]]",0,0,0
2002,【医疗药品】鉴影,显示医疗药品的藏品的轮廓,,itemName_100152,skillDesc_2002,,2,1,[102],0,[0],0,[0],1,0,[1000],3,[],1,0,[[0]],[[0]],"[[1,1000,0]]",0,0,0
2003,【时尚潮流】鉴影,显示时尚潮流的藏品的轮廓,,itemName_100153,skillDesc_2003,,2,1,[103],0,[0],0,[0],1,0,[1000],3,[],1,0,[[0]],[[0]],"[[1,1000,0]]",0,0,0
2004,【兵装军火】鉴影,显示兵装军火的藏品的轮廓,,itemName_100154,skillDesc_2004,,2,1,[104],0,[0],0,[0],1,0,[1000],3,[],1,0,[[0]],[[0]],"[[1,1000,0]]",0,0,0
2005,【珠宝矿藏】鉴影,显示珠宝矿藏的藏品的轮廓,,itemName_100155,skillDesc_2005,,2,1,[105],0,[0],0,[0],1,0,[1000],3,[],1,0,[[0]],[[0]],"[[1,1000,0]]",0,0,0
2006,【文物古董】鉴影,显示文物古董的藏品的轮廓,,itemName_100156,skillDesc_2006,,2,1,[106],0,[0],0,[0],1,0,[1000],3,[],1,0,[[0]],[[0]],"[[1,1000,0]]",0,0,0
2007,【数码娱乐】鉴影,显示数码娱乐的藏品的轮廓,,itemName_100157,skillDesc_2007,,2,1,[107],0,[0],0,[0],1,0,[1000],3,[],1,0,[[0]],[[0]],"[[1,1000,0]]",0,0,0
2008,【能源交通】鉴影,显示能源交通的藏品的轮廓,,itemName_100158,skillDesc_2008,,2,1,[108],0,[0],0,[0],1,0,[1000],3,[],1,0,[[0]],[[0]],"[[1,1000,0]]",0,0,0
2009,【食饮珍馐】鉴影,显示食饮珍馐的藏品的轮廓,,itemName_100159,skillDesc_2009,,2,1,[109],0,[0],0,[0],1,0,[1000],3,[],1,0,[[0]],[[0]],"[[1,1000,0]]",0,0,0
2010,【书画古籍】鉴影,显示书画古籍的藏品的轮廓,,itemName_100160,skillDesc_2010,,2,1,[110],0,[0],0,[0],1,0,[1000],3,[],1,0,[[0]],[[0]],"[[1,1000,0]]",0,0,0
10000,至宝寻踪,显示随机1个最高品质藏品的轮廓,,itemName_100161,skillDesc_10000,,2,6,"[0,0,1,1]",0,[0],0,[0],1,1,[1000],4,[],1,0,[[0]],[[0]],"[[1,1000,0]]",0,0,0
10001,至宝体量,显示随机1个最高品质藏品的格子数量,,itemName_100162,skillDesc_10001,,2,6,"[0,0,1,1]",0,[0],0,[0],1,1,[11000],4,[],1,0,[[0]],[[0]],"[[1,1000,0]]",0,0,0
10002,至宝估价,显示随机1个最高品质藏品的价值,,itemName_100163,skillDesc_10002,,2,6,"[0,0,1,1]",0,[0],0,[0],1,1,[5000],4,"[1100,1600]",1,0,[[0]],[[0]],"[[1,1000,0]]",0,0,0
10003,至宝抽样,显示随机1个最高品质的藏品,,itemName_100164,skillDesc_10003,,2,6,"[0,0,1,1]",0,[0],0,[0],1,1,[6000],5,"[1100,1600]",1,0,[[0]],[[0]],"[[1,1000,0]]",0,0,0
10010,巨物标识,显示随机1个格子占用最多藏品的轮廓,,itemName_100165,skillDesc_10010,,2,6,"[0,0,2,1]",0,[0],0,[0],1,1,[1000],2,[],1,0,[[0]],[[0]],"[[1,1000,0]]",0,0,0
10011,巨物鉴定,显示随机1个格子占用最多藏品的品质,,itemName_100166,skillDesc_10011,,2,6,"[0,0,2,1]",0,[0],0,[0],1,1,[7000],2,[],1,0,[[0]],[[0]],"[[1,1000,0]]",0,0,0
10012,巨物估价,显示随机1个格子占用最多藏品的价值,,itemName_100167,skillDesc_10012,,2,6,"[0,0,2,1]",0,[0],0,[0],1,1,[5000],3,"[1100,1600]",1,0,[[0]],[[0]],"[[1,1000,0]]",0,0,0
10013,巨物抽样,显示随机1个格子占用最多的藏品,,itemName_100168,skillDesc_10013,,2,6,"[0,0,2,1]",0,[0],0,[0],1,1,[6000],3,"[1100,1600]",1,0,[[0]],[[0]],"[[1,1000,0]]",0,0,0
10014,单格均价,占位1格藏品的平均价值为{0},,itemName_100169,,skillDesc_10014,2,7,[1],0,[0],0,[0],1,0,[8000],4,[],1,0,[[0]],[[0]],"[[1,1000,0]]",0,0,0
10015,两格均价,占位2格藏品的平均价值为{0},,itemName_100170,,skillDesc_10015,2,7,[2],0,[0],0,[0],1,0,[8000],4,[],1,0,[[0]],[[0]],"[[1,1000,0]]",0,0,0
10016,三格均价,占位3格藏品的平均价值为{0},,itemName_100171,,skillDesc_10016,2,7,[3],0,[0],0,[0],1,0,[8000],4,[],1,0,[[0]],[[0]],"[[1,1000,0]]",0,0,0
10017,四格均价,占位4格藏品的平均价值为{0},,itemName_100172,,skillDesc_10017,2,7,[4],0,[0],0,[0],1,0,[8000],4,[],1,0,[[0]],[[0]],"[[1,1000,0]]",0,0,0
10018,六格均价,占位6格藏品的平均价值为{0},,itemName_100173,,skillDesc_10018,2,7,[6],0,[0],0,[0],1,0,[8000],4,[],1,0,[[0]],[[0]],"[[1,1000,0]]",0,0,0
100101,法蒂玛,拍卖开始时，显示1件最高价值的文物古董类藏品的品质和轮廓,,hero_skill_101,skillDesc_100101,,0,6,"[1,106,3,1]",0,[0],0,[0],1,1,"[1000,7000]",,[],1,0,[[0]],[[0]],"[[1,1000,0]]",0,0,0
1001011,法蒂玛,随机显示 3 件轮廓未知的文玩古董类藏品的轮廓,,hero_skill_101,skillDesc_1001011,,0,1,[106],10,"[2,0,0]",0,[0],1,3,[1000],,[],1,0,[[0]],[[0]],"[[1,1000,0]]",0,0,0
1001012,法蒂玛,随机显示 3 件品质未知的文玩古董类藏品的品质,,hero_skill_101,skillDesc_1001012,,0,1,[106],10,"[0,2,0]",0,[0],1,3,[7000],,[],1,0,[[0]],[[0]],"[[1,1000,0]]",0,0,0
1001013,法蒂玛,随机显示 3 件轮廓未知的文玩古董类藏品的轮廓,,hero_skill_101,skillDesc_1001011,,0,1,[106],10,"[2,0,0]",0,[0],1,3,[1000],,[],1,0,[[0]],[[0]],"[[1,1000,0]]",0,0,0
1001014,法蒂玛,随机显示 3 件品质未知的文玩古董类藏品的品质,,hero_skill_101,skillDesc_1001012,,0,1,[106],10,"[0,2,0]",0,[0],1,3,[7000],,[],1,0,[[0]],[[0]],"[[1,1000,0]]",0,0,0
100102,陈美,拍卖开始时，显示所有珠宝矿藏藏品的品质和轮廓,,hero_skill_102,skillDesc_100102,,0,1,[105],0,[0],0,[0],1,0,"[1000,7000]",,[],1,0,[[0]],[[0]],"[[1,1000,0]]",0,0,0
1001031,艾莎,显示所有蓝色品质道具的轮廓和品质,,hero_skill_103,skillDesc_1001031,,0,2,[4],0,[0],0,[0],1,0,"[1000,7000]",,[],1,0,[[0]],[[0]],"[[1,1000,0]]",0,0,0
1001032,艾莎,显示所有绿色品质道具的轮廓和品质,,hero_skill_103,skillDesc_1001032,,0,2,[3],0,[0],0,[0],1,0,"[1000,7000]",,[],1,0,[[0]],[[0]],"[[1,1000,0]]",0,0,0
1001033,艾莎,显示所有白色品质道具的轮廓和品质,,hero_skill_103,skillDesc_1001033,,0,2,[2],0,[0],0,[0],1,0,"[1000,7000]",,[],1,0,[[0]],[[0]],"[[1,1000,0]]",0,0,0
1001034,艾莎,显示所有白色品质道具的轮廓和品质,,hero_skill_103,skillDesc_1001034,,0,2,[1],0,[0],0,[0],1,0,"[1000,7000]",,[],1,0,[[0]],[[0]],"[[1,1000,0]]",0,0,0
1001041,加布里埃拉,随机显示2个信息完全未知藏品的轮廓和品质。,,hero_skill_104,skillDesc_1001041,,0,10,"[2,2,2]",0,[0],0,[0],1,2,"[1000,7000]",,[],1,0,[[0]],[[0]],"[[1,1000,0]]",0,0,0
1001042,加布里埃拉,随机显示2个信息完全未知藏品的轮廓和品质。,,hero_skill_104,skillDesc_1001041,,0,10,"[2,2,2]",0,[0],0,[0],1,2,"[1000,7000]",,[],1,0,[[0]],[[0]],"[[1,1000,0]]",0,0,0
1001043,加布里埃拉,随机显示2个信息完全未知藏品的轮廓和品质。,,hero_skill_104,skillDesc_1001041,,0,10,"[2,2,2]",0,[0],0,[0],1,2,"[1000,7000]",,[],1,0,[[0]],[[0]],"[[1,1000,0]]",0,0,0
1001044,加布里埃拉,随机显示2个信息完全未知藏品的轮廓和品质。,,hero_skill_104,skillDesc_1001041,,0,10,"[2,2,2]",0,[0],0,[0],1,2,"[1000,7000]",,[],1,0,[[0]],[[0]],"[[1,1000,0]]",0,0,0
1001045,加布里埃拉,随机显示2个信息完全未知藏品的轮廓和品质。,,hero_skill_104,skillDesc_1001041,,0,10,"[2,2,2]",0,[0],0,[0],1,2,"[1000,7000]",,[],1,0,[[0]],[[0]],"[[1,1000,0]]",0,0,0
100105,塔蒂安娜,拍卖开始时，显示所有时尚潮流类藏品的品质和轮廓,,hero_skill_105,skillDesc_100105,,0,1,[103],0,[0],0,[0],1,0,"[1000,7000]",,[],1,0,[[0]],[[0]],"[[1,1000,0]]",0,0,0
100106,娜奥米,所有时尚潮流与数码电子类藏品金色和红色品质数量之和是{0},,hero_skill_106,,skillDesc_100106,0,1,"[103,107]",2,"[5,6]",0,[0],1,0,[4000],,[],1,0,[[0]],[[0]],"[[1,1000,0]]",0,0,0
1001061,娜奥米,显示所有时尚潮流与数码电子类藏品的轮廓,100106,hero_skill_107,skillDesc_1001061,,0,1,"[103,107]",0,[0],0,[0],1,0,[1000],,[],1,0,[[0]],[[0]],"[[1,1000,0]]",0,0,0
100107,索菲,拍卖开始时，随机显示5件藏品的品质,,hero_skill_107,skillDesc_100107,,0,0,[0],0,[0],0,[0],1,5,[7000],,[],1,0,[[0]],[[0]],"[[1,1000,0]]",0,0,0
1001071,索菲,随机显示2件未知品质藏品的品质,,hero_skill_107,skillDesc_1001071,,0,10,"[0,2,0]",0,[0],0,[0],1,2,[7000],,[],1,0,[[0]],[[0]],"[[1,1000,0]]",0,0,0
1001072,索菲,随机显示2件未知品质藏品的品质,,hero_skill_107,skillDesc_1001071,,0,10,"[0,2,0]",0,[0],0,[0],1,2,[7000],,[],1,0,[[0]],[[0]],"[[1,1000,0]]",0,0,0
1001073,索菲,随机显示2件未知品质藏品的品质,,hero_skill_107,skillDesc_1001071,,0,10,"[0,2,0]",0,[0],0,[0],1,2,[7000],,[],1,0,[[0]],[[0]],"[[1,1000,0]]",0,0,0
1001074,索菲,随机显示2件未知品质藏品的品质,,hero_skill_107,skillDesc_1001071,,0,10,"[0,2,0]",0,[0],0,[0],1,2,[7000],,[],1,0,[[0]],[[0]],"[[1,1000,0]]",0,0,0
100108,玛丽亚,本次竞拍白色、绿色、蓝色品质的藏品的总价值为{0},,hero_skill_108,,skillDesc_100108,0,2,"[1,2,3]",0,[0],0,[0],1,0,[10000],,[],1,0,[[0]],[[0]],"[[1,1000,0]]",0,0,0
10010801,玛丽亚,拍卖开始时，显示白色、绿色品质藏品的总价值和品质,100108,hero_skill_108,skillDesc_10010801,,0,2,"[1,2,3]",0,[0],0,[0],1,0,[7000],,[],1,0,[[0]],[[0]],"[[1,1000,0]]",0,0,0
100109,海琳娜,拍卖开始时，显示所有医疗药品类藏品的品质,,hero_skill_109,skillDesc_100109,,0,1,[102],0,[0],0,[0],1,0,[7000],,[],1,0,[[0]],[[0]],"[[1,1000,0]]",0,0,0
1001091,海琳娜,显示2个轮廓未知的医疗类藏品的轮廓,,hero_skill_109,skillDesc_1001091,,0,1,[102],10,"[2,0,0]",0,[0],1,2,[1000],,[],1,0,[[0]],[[0]],"[[1,1000,0]]",0,0,0
1001092,海琳娜,显示2个轮廓未知的医疗类藏品的轮廓,,hero_skill_109,skillDesc_1001091,,0,1,[102],10,"[2,0,0]",0,[0],1,2,[1000],,[],1,0,[[0]],[[0]],"[[1,1000,0]]",0,0,0
1001093,海琳娜,显示2个轮廓未知的医疗类藏品的轮廓,,hero_skill_109,skillDesc_1001091,,0,1,[102],10,"[2,0,0]",0,[0],1,2,[1000],,[],1,0,[[0]],[[0]],"[[1,1000,0]]",0,0,0
1001094,海琳娜,显示2个轮廓未知的医疗类藏品的轮廓,,hero_skill_109,skillDesc_1001091,,0,1,[102],10,"[2,0,0]",0,[0],1,2,[1000],,[],1,0,[[0]],[[0]],"[[1,1000,0]]",0,0,0
100110,伊莎贝拉,显示本场竞品质最高的1件藏品,,hero_skill_110,skillDesc_100110,,0,6,"[0,0,1,1]",0,[0],0,[0],1,1,[7000],,[],1,0,[[0]],[[0]],"[[1,1000,0]]",0,0,0
1001101,伊莎贝拉,显示4个珠宝矿藏的轮廓,100110,hero_skill_110,skillDesc_1001101,,0,1,[105],0,[0],0,[0],1,4,[1000],,[],1,0,[[0]],[[0]],"[[1,1000,0]]",0,0,0
100201,乔治,拍卖开始时，显示所有武器装备类藏品的品质和轮廓,,hero_skill_201,skillDesc_100201,,0,1,[104],0,[0],0,[0],1,0,"[1000,7000]",,[],1,0,[[0]],[[0]],"[[1,1000,0]]",0,0,0
100202,卡洛斯,拍卖开始时，显示所有家居日用与数码电子类藏品的轮廓,,hero_skill_202,skillDesc_100202,,0,1,"[101,107]",0,[0],0,[0],1,0,[1000],,[],1,0,[[0]],[[0]],"[[1,1000,0]]",0,0,0
1002021,卡洛斯,随机显示 2 件品质未知的家居日用或数码电子类藏品的品质。,,hero_skill_202,skillDesc_1002021,,0,1,"[101,107]",10,"[0,2,0]",0,[0],1,2,[7000],,[],1,0,[[0]],[[0]],"[[1,1000,0]]",0,0,0
1002022,卡洛斯,随机显示 2 件品质未知的家居日用或数码电子类藏品的品质。,,hero_skill_202,skillDesc_1002021,,0,1,"[101,107]",10,"[0,2,0]",0,[0],1,2,[7000],,[],1,0,[[0]],[[0]],"[[1,1000,0]]",0,0,0
1002023,卡洛斯,随机显示 2 件品质未知的家居日用或数码电子类藏品的品质。,,hero_skill_202,skillDesc_1002021,,0,1,"[101,107]",10,"[0,2,0]",0,[0],1,2,[7000],,[],1,0,[[0]],[[0]],"[[1,1000,0]]",0,0,0
1002024,卡洛斯,随机显示 2 件品质未知的家居日用或数码电子类藏品的品质。,,hero_skill_202,skillDesc_1002021,,0,1,"[101,107]",10,"[0,2,0]",0,[0],1,2,[7000],,[],1,0,[[0]],[[0]],"[[1,1000,0]]",0,0,0
100203,莱昂纳德,拍卖开始时，显示所有饮食烹饪类藏品品质,,hero_skill_203,skillDesc_100203,,0,1,[109],0,[0],0,[0],1,0,[7000],,[],1,0,[[0]],[[0]],"[[1,1000,0]]",0,0,0
10002031,莱昂纳德,拍卖开始时，显示2个文物古董的品质,100203,hero_skill_203,skillDesc_10002031,,0,1,[106],0,[0],0,[0],1,2,[7000],,[],1,0,[[0]],[[0]],"[[1,1000,0]]",0,0,0
100204,艾哈迈德,本次竞拍的总藏品数量为{0}件,,hero_skill_204,,skillDesc_100204,0,0,[0],0,[0],0,[0],1,0,[4000],,[],1,0,[[0]],[[0]],"[[1,1000,0]]",0,0,0
1002041,艾哈迈德,本次竞拍橙色品质藏品平均格数约为{0}格,,hero_skill_204,,skillDesc_1002041,0,2,[5],0,[0],0,[0],1,0,[3000],,[],1,0,[[0]],[[0]],"[[1,1000,0]]",0,0,0
1002042,艾哈迈德,本次竞拍紫色品质藏品平均格数约为{0}格,,hero_skill_204,,skillDesc_1002042,0,2,[4],0,[0],0,[0],1,0,[3000],,[],1,0,[[0]],[[0]],"[[1,1000,0]]",0,0,0
1002043,艾哈迈德,本次竞拍蓝色色品质藏品平均格数约为{0}格,,hero_skill_204,,skillDesc_1002043,0,2,[3],0,[0],0,[0],1,0,[3000],,[],1,0,[[0]],[[0]],"[[1,1000,0]]",0,0,0
1002044,艾哈迈德,本次竞拍白色和绿色品质藏品数量为{0}件,,hero_skill_204,,skillDesc_1002044,0,2,"[1,2]",0,[0],0,[0],1,0,[4000],,[],1,0,[[0]],[[0]],"[[1,1000,0]]",0,0,0
100205,伊万,拍卖开始时，显示所有武器装备、能源交通类藏品的轮廓,,hero_skill_205,skillDesc_100205,,0,1,"[104,108]",0,[0],0,[0],1,0,[1000],,[],1,0,[[0]],[[0]],"[[1,1000,0]]",0,0,0
100206,武田宏志,本次竞拍的书画古籍类藏品数量为{0}件,,hero_skill_206,,skillDesc_100206,0,1,[110],0,[0],0,[0],1,0,[4000],,[],1,0,[[0]],[[0]],"[[1,1000,0]]",0,0,0
1002061,武田宏志,显示书画古籍类藏品的轮廓,100206,hero_skill_206,skillDesc_1002061,,0,1,[110],0,[0],0,[0],1,0,[1000],,[],1,0,[[0]],[[0]],"[[1,1000,0]]",0,0,0
1002062,武田宏志,回合开始时，随机显示品质未知2件书画古籍类藏品的品质,,hero_skill_206,skillDesc_1002062,,0,1,[110],10,"[0,2,0]",0,[0],1,2,[7000],,[],1,0,[[0]],[[0]],"[[1,1000,0]]",0,0,0
1002063,武田宏志,回合开始时，随机显示品质未知2件书画古籍类藏品的品质,,hero_skill_206,skillDesc_1002062,,0,1,[110],10,"[0,2,0]",0,[0],1,2,[7000],,[],1,0,[[0]],[[0]],"[[1,1000,0]]",0,0,0
1002064,武田宏志,回合开始时，随机显示品质未知2件书画古籍类藏品的品质,,hero_skill_206,skillDesc_1002062,,0,1,[110],10,"[0,2,0]",0,[0],1,2,[7000],,[],1,0,[[0]],[[0]],"[[1,1000,0]]",0,0,0
1002065,武田宏志,回合开始时，随机显示品质未知2件书画古籍类藏品的品质,,hero_skill_206,skillDesc_1002062,,0,1,[110],10,"[0,2,0]",0,[0],1,2,[7000],,[],1,0,[[0]],[[0]],"[[1,1000,0]]",0,0,0
100207,吴起灵,看大局：本次竞拍共有文玩古董类藏品{0}件,,hero_skill_207,,skillDesc_100207,0,1,[106],0,[0],0,[0],1,0,[4000],,[],1,0,[[0]],[[0]],"[[1,1000,0]]",0,0,0
10002071,吴起灵,辨细节：显示所有文玩古董类藏品的轮廓,,hero_skill_207,skillDesc_10002071,,0,1,[106],0,[0],0,[0],1,0,[1000],,[],1,0,[[0]],[[0]],"[[1,1000,0]]",0,0,0
10002072,吴起灵,试筋骨：显示所有文玩古董类藏品的品质,,hero_skill_207,skillDesc_10002072,,0,1,[106],0,[0],0,[0],1,0,[7000],,[],1,0,[[0]],[[0]],"[[1,1000,0]]",0,0,0
10002073,吴起灵,定灵犀：随机显示1/3文玩古董类藏品完整信息,,hero_skill_207,skillDesc_10002073,,0,1,[106],0,[0],0,[0],2,3333,[6000],,[],1,0,[[0]],[[0]],"[[1,1000,0]]",0,0,0
1002081,伊森,随机显示5种类型藏品各自的轮廓,,hero_skill_208,skillDesc_1002081,,0,4,"[5,101,100,102,100,103,100,104,100,105,100,106,100,107,100,108,100,109,100,110,100]",0,[0],0,[0],1,0,[1000],,[],1,0,[[0]],[[0]],"[[1,1000,0]]",0,0,0
1002082,伊森,显示所有已知品质的藏品各自的轮廓,,hero_skill_208,skillDesc_100208,,0,10,"[0,1,0]",0,[0],0,[0],1,0,[1000],,[],1,0,[[0]],[[0]],"[[1,1000,0]]",0,0,0
1002083,伊森,显示所有已知品质的藏品各自的轮廓,,hero_skill_208,skillDesc_100208,,0,10,"[0,1,0]",0,[0],0,[0],1,0,[1000],,[],1,0,[[0]],[[0]],"[[1,1000,0]]",0,0,0
1002084,伊森,显示所有已知品质的藏品各自的轮廓,,hero_skill_208,skillDesc_100208,,0,10,"[0,1,0]",0,[0],0,[0],1,0,[1000],,[],1,0,[[0]],[[0]],"[[1,1000,0]]",0,0,0
1002085,伊森,显示所有藏品轮廓的轮廓,,hero_skill_208,skillDesc_1002085,,0,0,[0],0,[0],0,[0],1,0,[1000],,[],1,0,[[0]],[[0]],"[[1,1000,0]]",0,0,0
100209,维克托,本次竞拍共有品质紫色、金色、红藏品{0}件,,hero_skill_209,,skillDesc_100209,0,2,"[4,5,6]",0,[0],0,[0],1,0,[4000],,[],1,0,[[0]],[[0]],"[[1,1000,0]]",0,0,0
100301,拉文,当拍卖到第五回合开始时，显示所有藏品的品质,,hero_skill_301,skillDesc_100301,,0,0,[0],0,[0],0,[0],1,0,[7000],,[],1,0,[[0]],[[0]],"[[1,1000,0]]",0,0,0
200001,竞拍信息,显示所有紫色品质藏品的轮廓,,skill_Name_Type_20000,skillDesc_200001,,1,2,[4],0,[0],0,[0],1,0,"[1000,7000]",,[],1,0,[[0]],[[0]],"[[1,1000,0]]",0,0,0
200002,竞拍信息,显示所有金色品质藏品的轮廓,,skill_Name_Type_20000,skillDesc_200002,,1,2,[5],0,[0],0,[0],1,0,"[1000,7000]",,[],1,0,[[0]],[[0]],"[[1,1000,0]]",0,0,0
200003,竞拍信息,显示所有红色品质藏品的轮廓,,skill_Name_Type_20000,skillDesc_200003,,1,2,[6],0,[0],0,[0],1,0,"[1000,7000]",,[],1,0,[[0]],[[0]],"[[1,1000,0]]",0,0,0
200004,竞拍信息,显示所有藏品的品质,,skill_Name_Type_20000,skillDesc_200004,,1,0,[0],0,[0],0,[0],1,0,[7000],,[],1,0,[[0]],[[0]],"[[1,1000,0]]",0,0,0
200005,竞拍信息,本场拍卖，有2种藏品类型占位每格的均价是{0},,skill_Name_Type_20000,,skillDesc_200005,1,4,"[2,101,100,102,100,103,100,104,100,105,100,106,100,107,100,108,100,109,100,110,100]",0,[0],0,[0],1,0,[9000],,"[1100,1500]",1,0,[[0]],[[0]],"[[1,1000,0]]",0,0,0
200006,竞拍信息,本场拍卖，有4种藏品类型占位每格的均价是{0},,skill_Name_Type_20000,,skillDesc_200006,1,4,"[4,101,100,102,100,103,100,104,100,105,100,106,100,107,100,108,100,109,100,110,100]",0,[0],0,[0],1,0,[9000],,"[1100,1300]",1,0,[[0]],[[0]],"[[1,1000,0]]",0,0,0
200007,竞拍信息,本场拍卖，有6种藏品类型占位每格的均价是{0},,skill_Name_Type_20000,,skillDesc_200007,1,4,"[6,101,100,102,100,103,100,104,100,105,100,106,100,107,100,108,100,109,100,110,100]",0,[0],0,[0],1,0,[9000],,"[800,1000]",1,0,[[0]],[[0]],"[[1,1000,0]]",0,0,0
200008,竞拍信息,本场拍卖，所有藏品占位每格的均价是{0},,skill_Name_Type_20000,,skillDesc_200008,1,0,[0],0,[0],0,[0],1,0,[9000],,"[800,850]",1,0,[[0]],[[0]],"[[1,1000,0]]",0,0,0
200009,竞拍信息,所有藏品总占用的格子数量为{0}格,,skill_Name_Type_20000,,skillDesc_200009,1,0,[0],0,[0],0,[0],1,0,[2000],,[],1,0,[[0]],[[0]],"[[1,1000,0]]",0,0,0
200010,竞拍信息,紫色品质总占用的格子数量为{0}格,,skill_Name_Type_20000,,skillDesc_200010,1,2,[4],0,[0],0,[0],1,0,[2000],,[],1,0,[[0]],[[0]],"[[1,1000,0]]",0,0,0
200011,竞拍信息,金色品质总占用的格子数量为{0}格,,skill_Name_Type_20000,,skillDesc_200011,1,2,[5],0,[0],0,[0],1,0,[2000],,[],1,0,[[0]],[[0]],"[[1,1000,0]]",0,0,0
200012,竞拍信息,红色品质总占用的格子数量为{0}格,,skill_Name_Type_20000,,skillDesc_200012,1,2,[6],0,[0],0,[0],1,0,[2000],,[],1,0,[[0]],[[0]],"[[1,1000,0]]",0,0,0
200013,竞拍信息,紫色品质藏品平均占用的格子数量为{0}格,,skill_Name_Type_20000,,skillDesc_200013,1,2,[4],0,[0],0,[0],1,0,[3000],,[],1,0,[[0]],[[0]],"[[1,1000,0]]",0,0,0
200014,竞拍信息,每件藏品平均占用的格子数量为{0}格,,skill_Name_Type_20000,,skillDesc_200014,1,0,[0],0,[0],0,[0],1,0,[3000],,[],1,0,[[0]],[[0]],"[[1,1000,0]]",0,0,0
200015,竞拍信息,金色品质藏品平均占用的格子数量为{0}格,,skill_Name_Type_20000,,skillDesc_200015,1,2,[5],0,[0],0,[0],1,0,[3000],,[],1,0,[[0]],[[0]],"[[1,1000,0]]",0,0,0
200016,竞拍信息,红色品质藏品平均占用的格子数量为{0}格,,skill_Name_Type_20000,,skillDesc_200016,1,2,[6],0,[0],0,[0],1,0,[3000],,[],1,0,[[0]],[[0]],"[[1,1000,0]]",0,0,0
200017,竞拍信息,本场拍卖共有道具{0}件,,skill_Name_Type_20000,,skillDesc_200017,1,0,[0],0,[0],0,[0],1,0,[4000],,[],1,0,[[0]],[[0]],"[[1,1000,0]]",0,0,0
200018,竞拍信息,本场拍卖共有紫色品质道具{0}件,,skill_Name_Type_20000,,skillDesc_200018,1,2,[4],0,[0],0,[0],1,0,[4000],,[],1,0,[[0]],[[0]],"[[1,1000,0]]",0,0,0
200019,竞拍信息,本场拍卖共有金色品质道具{0}件,,skill_Name_Type_20000,,skillDesc_200019,1,2,[5],0,[0],0,[0],1,0,[4000],,[],1,0,[[0]],[[0]],"[[1,1000,0]]",0,0,0
200020,竞拍信息,本场拍卖共有红色品质道具{0}件,,skill_Name_Type_20000,,skillDesc_200020,1,2,[6],0,[0],0,[0],1,0,[4000],,[],1,0,[[0]],[[0]],"[[1,1000,0]]",0,0,0
200021,竞拍信息,随机显示2件藏品,,skill_Name_Type_20000,skillDesc_200021,,1,0,[0],0,[0],0,[0],1,2,[6000],,"[1500,1600]",1,0,[[0]],[[0]],"[[1,1000,0]]",0,0,0
200022,竞拍信息,随机显示4件藏品,,skill_Name_Type_20000,skillDesc_200022,,1,0,[0],0,[0],0,[0],1,4,[6000],,"[1400,1500]",1,0,[[0]],[[0]],"[[1,1000,0]]",0,0,0
200023,竞拍信息,随机显示6件藏品,,skill_Name_Type_20000,skillDesc_200023,,1,0,[0],0,[0],0,[0],1,6,[6000],,"[1300,1400]",1,0,[[0]],[[0]],"[[1,1000,0]]",0,0,0
200024,竞拍信息,随机显示8件藏品,,skill_Name_Type_20000,skillDesc_200024,,1,0,[0],0,[0],0,[0],1,8,[6000],,"[1200,1300]",1,0,[[0]],[[0]],"[[1,1000,0]]",0,0,0
200025,竞拍信息,随机显示12件藏品,,skill_Name_Type_20000,skillDesc_200025,,1,0,[0],0,[0],0,[0],1,12,[6000],,"[1100,1200]",1,0,[[0]],[[0]],"[[1,1000,0]]",0,0,0
200026,竞拍信息,随机显示3件藏品的品质,,skill_Name_Type_20000,skillDesc_200026,,1,0,[0],0,[0],0,[0],1,3,[7000],,[],1,0,[[0]],[[0]],"[[1,1000,0]]",0,0,0
200027,竞拍信息,随机显示6件藏品的品质,,skill_Name_Type_20000,skillDesc_200027,,1,0,[0],0,[0],0,[0],1,6,[7000],,[],1,0,[[0]],[[0]],"[[1,1000,0]]",0,0,0
200028,竞拍信息,随机显示9件藏品的品质,,skill_Name_Type_20000,skillDesc_200028,,1,0,[0],0,[0],0,[0],1,9,[7000],,[],1,0,[[0]],[[0]],"[[1,1000,0]]",0,0,0
200029,竞拍信息,随机显示12件藏品的品质,,skill_Name_Type_20000,skillDesc_200029,,1,0,[0],0,[0],0,[0],1,12,[7000],,[],1,0,[[0]],[[0]],"[[1,1000,0]]",0,0,0
200030,竞拍信息,显示所有藏品的品质,,skill_Name_Type_20000,skillDesc_200030,,1,0,[0],0,[0],0,[0],1,0,[7000],,[],1,0,[[0]],[[0]],"[[1,1000,0]]",0,0,0
200031,竞拍信息,随机选择的3件藏品平均价值为{0},,skill_Name_Type_20000,,skillDesc_200031,1,0,[0],0,[0],0,[0],1,3,[8000],,[],1,0,[[0]],[[0]],"[[1,1000,0]]",0,0,0
200032,竞拍信息,随机选择的6件藏品平均价值为{0},,skill_Name_Type_20000,,skillDesc_200032,1,0,[0],0,[0],0,[0],1,6,[8000],,[],1,0,[[0]],[[0]],"[[1,1000,0]]",0,0,0
200033,竞拍信息,随机选择的9件藏品平均价值为{0},,skill_Name_Type_20000,,skillDesc_200033,1,0,[0],0,[0],0,[0],1,9,[8000],,[],1,0,[[0]],[[0]],"[[1,1000,0]]",0,0,0
200034,竞拍信息,随机选择的12件藏品平均价值为{0},,skill_Name_Type_20000,,skillDesc_200034,1,0,[0],0,[0],0,[0],1,12,[8000],,[],1,0,[[0]],[[0]],"[[1,1000,0]]",0,0,0
200035,竞拍信息,所有藏品的平均价值为{0},,skill_Name_Type_20000,,skillDesc_200035,1,0,[0],0,[0],0,[0],1,0,[8000],,[],1,0,[[0]],[[0]],"[[1,1000,0]]",0,0,0
200036,竞拍信息,所有紫色品质藏品的平均价值为{0},,skill_Name_Type_20000,,skillDesc_200036,1,2,[4],0,[0],0,[0],1,0,[8000],,"[1500,1600]",1,0,[[0]],[[0]],"[[1,1000,0]]",0,0,0
200037,竞拍信息,所有金色品质藏品的平均价值为{0},,skill_Name_Type_20000,,skillDesc_200037,1,2,[5],0,[0],0,[0],1,0,[8000],,"[1400,1500]",1,0,[[0]],[[0]],"[[1,1000,0]]",0,0,0
200038,竞拍信息,所有红色品质藏品的平均价值为{0},,skill_Name_Type_20000,,skillDesc_200038,1,2,[6],0,[0],0,[0],1,0,[8000],,"[1000,1100]",1,0,[[0]],[[0]],"[[1,1000,0]]",0,0,0
200039,竞拍信息,显示所有道具的轮廓,,skill_Name_Type_20000,skillDesc_200039,,1,0,[0],0,[0],0,[0],1,0,[1000],,[],1,0,[[0]],[[0]],"[[1,1000,0]]",0,0,0
200040,竞拍信息,随机显示2种藏品类型所有藏品的品质,,skill_Name_Type_20000,skillDesc_200040,,1,4,"[2,101,100,102,100,103,100,104,100,105,100,106,100,107,100,108,100,109,100,110,100]",0,[0],0,[0],1,0,[7000],,[],1,0,[[0]],[[0]],"[[1,1000,0]]",0,0,0
200041,竞拍信息,随机显示4种藏品类型所有藏品的品质,,skill_Name_Type_20000,skillDesc_200041,,1,4,"[4,101,100,102,100,103,100,104,100,105,100,106,100,107,100,108,100,109,100,110,100]",0,[0],0,[0],1,0,[7000],,[],1,0,[[0]],[[0]],"[[1,1000,0]]",0,0,0
200042,竞拍信息,随机显示6种藏品类型所有藏品的品质,,skill_Name_Type_20000,skillDesc_200042,,1,4,"[6,101,100,102,100,103,100,104,100,105,100,106,100,107,100,108,100,109,100,110,100]",0,[0],0,[0],1,0,[7000],,[],1,0,[[0]],[[0]],"[[1,1000,0]]",0,0,0
200043,竞拍信息,{1}类藏品的平均价值为{0},,skill_Name_Type_20000,,skillDesc_200043,1,4,"[1,101,100,102,100,103,100,104,100,105,100,106,100,107,100,108,100,109,100,110,100]",0,[0],0,[0],1,0,[8000],,[],1,0,[[0]],[[0]],"[[1,1000,0]]",0,0,0
200044,竞拍信息,本场拍卖类型{1}藏品总价值为{0},,skill_Name_Type_20000,,skillDesc_200044,1,4,"[1,101,100,102,100,103,100,104,100,105,100,106,100,107,100,108,100,109,100,110,100]",0,[0],0,[0],1,0,[10000],,"[1100,1500]",1,0,[[0]],[[0]],"[[1,1000,0]]",0,0,0
200045,竞拍信息,本场拍卖类型{1}藏品总数量为{0},,skill_Name_Type_20000,,skillDesc_200045,1,4,"[1,101,100,102,100,103,100,104,100,105,100,106,100,107,100,108,100,109,100,110,100]",0,[0],0,[0],1,0,[4000],,[],1,0,[[0]],[[0]],"[[1,1000,0]]",0,0,0
200046,竞拍信息,随机显示1种类型藏品的品质,,skill_Name_Type_20000,skillDesc_200046,,1,4,"[1,101,100,102,100,103,100,104,100,105,100,106,100,107,100,108,100,109,100,110,100]",0,[0],0,[0],1,0,[7000],,[],1,0,[[0]],[[0]],"[[1,1000,0]]",0,0,0
200047,竞拍信息,随机显示1种藏品类型的所有藏品,,skill_Name_Type_20000,skillDesc_200047,,1,4,"[1,101,100,102,100,103,100,104,100,105,100,106,100,107,100,108,100,109,100,110,100]",0,[0],0,[0],1,0,[6000],,"[1100,1500]",1,0,[[0]],[[0]],"[[1,1000,0]]",0,0,0
200048,竞拍信息,随机显示1件最高品质的藏品,,skill_Name_Type_20000,skillDesc_200048,,1,6,"[0,0,1,1]",0,[0],0,[0],1,1,[6000],,"[1100,1500]",1,0,[[0]],[[0]],"[[1,1000,0]]",0,0,0
200049,竞拍信息,显示1件最高价值的藏品,,skill_Name_Type_20000,skillDesc_200049,,1,6,"[0,0,3,1]",0,[0],0,[0],1,1,[6000],,"[1100,1500]",1,0,[[0]],[[0]],"[[1,1000,0]]",0,0,0
200050,竞拍信息,显示1件占位格数最高的道具,,skill_Name_Type_20000,skillDesc_200050,,1,6,"[0,0,2,1]",0,[0],0,[0],1,1,[6000],,"[1100,1500]",1,0,[[0]],[[0]],"[[1,1000,0]]",0,0,0
200051,竞拍信息,显示数量最少藏品类型的所有道具,,skill_Name_Type_20000,skillDesc_200051,,1,6,"[0,0,6,2]",0,[0],0,[0],1,0,[6000],,"[1100,1500]",1,0,[[0]],[[0]],"[[1,1000,0]]",0,0,0
200052,竞拍信息,本场竞拍竞拍最高品质为{0},,skill_Name_Type_20000,,skillDesc_200052,1,6,"[0,0,1,1]",0,[0],0,[0],1,1,[12000],,[],1,0,[[0]],[[0]],"[[1,1000,0]]",0,0,0
3001,每局游戏开始时，揭示5个任意藏品轮廓,每局游戏开始时，揭示5个任意藏品轮廓,,skillName_3001,skillDesc_3001,,3,0,[0],0,[0],0,[0],1,5,[1000],,[],0,11,[[0]],[[0]],"[[1,1000,0]]",0,0,0
3002,每局游戏开始时，揭示3个家具物品轮廓,每局游戏开始时，揭示3个家具物品轮廓,,skillName_3002,skillDesc_3002,,3,1,[101],0,[0],0,[0],1,3,[1000],,,0,11,[[0]],[[0]],"[[1,1000,0]]",0,0,0
3003,每局游戏开始时，揭示3个医疗药品轮廓,每局游戏开始时，揭示3个医疗药品轮廓,,skillName_3003,skillDesc_3003,,3,1,[102],0,[0],0,[0],1,3,[1000],,,0,11,[[0]],[[0]],"[[1,1000,0]]",0,0,0
3004,每局游戏开始时，揭示3个时尚潮流轮廓,每局游戏开始时，揭示3个时尚潮流轮廓,,skillName_3004,skillDesc_3004,,3,1,[103],0,[0],0,[0],1,3,[1000],,,0,11,[[0]],[[0]],"[[1,1000,0]]",0,0,0
3005,每局游戏开始时，揭示3个兵装军火轮廓,每局游戏开始时，揭示3个兵装军火轮廓,,skillName_3005,skillDesc_3005,,3,1,[104],0,[0],0,[0],1,3,[1000],,,0,11,[[0]],[[0]],"[[1,1000,0]]",0,0,0
3006,每局游戏开始时，揭示3个珠宝矿藏轮廓,每局游戏开始时，揭示3个珠宝矿藏轮廓,,skillName_3006,skillDesc_3006,,3,1,[105],0,[0],0,[0],1,3,[1000],,,0,11,[[0]],[[0]],"[[1,1000,0]]",0,0,0
3007,每局游戏开始时，揭示3个文物古董轮廓,每局游戏开始时，揭示3个文物古董轮廓,,skillName_3007,skillDesc_3007,,3,1,[106],0,[0],0,[0],1,3,[1000],,,0,11,[[0]],[[0]],"[[1,1000,0]]",0,0,0
3008,每局游戏开始时，揭示3个数码娱乐轮廓,每局游戏开始时，揭示3个数码娱乐轮廓,,skillName_3008,skillDesc_3008,,3,1,[107],0,[0],0,[0],1,3,[1000],,,0,11,[[0]],[[0]],"[[1,1000,0]]",0,0,0
3009,每局游戏开始时，揭示3个能源交通轮廓,每局游戏开始时，揭示3个能源交通轮廓,,skillName_3009,skillDesc_3009,,3,1,[108],0,[0],0,[0],1,3,[1000],,,0,11,[[0]],[[0]],"[[1,1000,0]]",0,0,0
3010,每局游戏开始时，揭示3个食饮珍馐轮廓,每局游戏开始时，揭示3个食饮珍馐轮廓,,skillName_3010,skillDesc_3010,,3,1,[109],0,[0],0,[0],1,3,[1000],,,0,11,[[0]],[[0]],"[[1,1000,0]]",0,0,0
3011,每局游戏开始时，揭示3个书画古籍轮廓,每局游戏开始时，揭示3个书画古籍轮廓,,skillName_3011,skillDesc_3011,,3,1,[110],0,[0],0,[0],1,3,[1000],,,0,11,[[0]],[[0]],"[[1,1000,0]]",0,0,0
3012,每局游戏开始时，揭示3个任意藏品品质,每局游戏开始时，揭示3个任意藏品品质,,skillName_3012,skillDesc_3012,,3,0,[0],0,[0],0,[0],1,3,[7000],,,0,11,[[0]],[[0]],"[[1,1000,0]]",0,0,0
3013,每局游戏开始时，揭示1个家具物品品质,每局游戏开始时，揭示1个家具物品品质,,skillName_3013,skillDesc_3013,,3,1,[101],0,[0],0,[0],1,1,[7000],,,0,11,[[0]],[[0]],"[[1,1000,0]]",0,0,0
3014,每局游戏开始时，揭示1个医疗药品品质,每局游戏开始时，揭示1个医疗药品品质,,skillName_3014,skillDesc_3014,,3,1,[102],0,[0],0,[0],1,1,[7000],,,0,11,[[0]],[[0]],"[[1,1000,0]]",0,0,0
3015,每局游戏开始时，揭示1个时尚潮流品质,每局游戏开始时，揭示1个时尚潮流品质,,skillName_3015,skillDesc_3015,,3,1,[103],0,[0],0,[0],1,1,[7000],,,0,11,[[0]],[[0]],"[[1,1000,0]]",0,0,0
3016,每局游戏开始时，揭示1个兵装军火品质,每局游戏开始时，揭示1个兵装军火品质,,skillName_3016,skillDesc_3016,,3,1,[104],0,[0],0,[0],1,1,[7000],,,0,11,[[0]],[[0]],"[[1,1000,0]]",0,0,0
3017,每局游戏开始时，揭示1个珠宝矿藏品质,每局游戏开始时，揭示1个珠宝矿藏品质,,skillName_3017,skillDesc_3017,,3,1,[105],0,[0],0,[0],1,1,[7000],,,0,11,[[0]],[[0]],"[[1,1000,0]]",0,0,0
3018,每局游戏开始时，揭示1个文物古董品质,每局游戏开始时，揭示1个文物古董品质,,skillName_3018,skillDesc_3018,,3,1,[106],0,[0],0,[0],1,1,[7000],,,0,11,[[0]],[[0]],"[[1,1000,0]]",0,0,0
3019,每局游戏开始时，揭示1个数码娱乐品质,每局游戏开始时，揭示1个数码娱乐品质,,skillName_3019,skillDesc_3019,,3,1,[107],0,[0],0,[0],1,1,[7000],,,0,11,[[0]],[[0]],"[[1,1000,0]]",0,0,0
3020,每局游戏开始时，揭示1个能源交通品质,每局游戏开始时，揭示1个能源交通品质,,skillName_3020,skillDesc_3020,,3,1,[108],0,[0],0,[0],1,1,[7000],,,0,11,[[0]],[[0]],"[[1,1000,0]]",0,0,0
3021,每局游戏开始时，揭示1个食饮珍馐品质,每局游戏开始时，揭示1个食饮珍馐品质,,skillName_3021,skillDesc_3021,,3,1,[109],0,[0],0,[0],1,1,[7000],,,0,11,[[0]],[[0]],"[[1,1000,0]]",0,0,0
3022,每局游戏开始时，揭示1个书画古籍品质,每局游戏开始时，揭示1个书画古籍品质,,skillName_3022,skillDesc_3022,,3,1,[110],0,[0],0,[0],1,1,[7000],,,0,11,[[0]],[[0]],"[[1,1000,0]]",0,0,0
3023,每次回合开始时，揭示1个任意藏品品质,每次回合开始时，揭示1个任意藏品品质,,skillName_3023,skillDesc_3023,,3,0,[0],0,[0],0,[0],1,1,[7000],,,0,21,"[[1,2,3,4,5,6,7,8,9]]",[[0]],"[[1,1000,0]]",0,0,0
3024,在奇数回合，随机揭示1个藏品轮廓,在奇数回合，随机揭示1个藏品轮廓,,skillName_3024,skillDesc_3024,,3,0,[0],0,[0],0,[0],1,1,[1000],,,0,21,"[[1,3,5,7,9]]",[[0]],"[[1,1000,0]]",0,0,0
3025,在偶数回合，随机揭示一个藏品品质,在偶数回合，随机揭示一个藏品品质,,skillName_3025,skillDesc_3025,,3,0,[0],0,[0],0,[0],1,1,[7000],,,0,21,"[[2,4,6,8,10]]",[[0]],"[[1,1000,0]]",0,0,0
3026,每次使用道具时，揭示1个藏品的轮廓,每次使用道具时，揭示1个藏品的轮廓,,skillName_3026,skillDesc_3026,,3,0,[0],0,[0],0,[0],1,1,[1000],,,0,33,"[[1,11]]","[[0,0]]","[[1,1000,0]]",0,0,0
3027,揭示轮廓时，额外增加1个揭示数量,揭示轮廓时，额外增加1个揭示数量,,skillName_3027,skillDesc_3027,,3,0,[0],0,[0],0,[0],1,1,[1000],,,0,41,"[[3,0]]","[[0,0]]","[[1,1000,0]]",0,0,0
3028,揭示品质时，额外增加1个揭示数量,揭示品质时，额外增加1个揭示数量,,skillName_3028,skillDesc_3028,,3,0,[0],0,[0],0,[0],1,1,[7000],,,0,41,"[[2,0]]","[[0,0]]","[[1,1000,0]]",0,0,0
3029,游戏开始时，获得藏品整体轮廓(外边缘),游戏开始时，获得藏品整体轮廓(外边缘),,skillName_3029,skillDesc_3029,,3,0,[0],0,[0],0,[0],1,0,[22000],,,0,11,[[0]],[[0]],"[[1,1000,0]]",0,0,0
3030,揭示任意藏品轮廓时，10%概率直接显示其品质。,揭示任意藏品轮廓时，10%概率直接显示其品质。,,skillName_3030,skillDesc_3030,,3,8,[1],0,[0],0,[0],1,0,[7000],,,0,41,"[[3,0]]","[[0,0]]","[[1,100,0]]",0,0,0
3031,揭示家具物品轮廓时，30%概率直接显示其品质。,揭示家具物品轮廓时，30%概率直接显示其品质。,,skillName_3031,skillDesc_3031,,3,8,[1],0,[0],0,[0],1,0,[7000],,,0,41,"[[3,0]]","[[1,101],[1,102],[1,103],[1,104],[1,105],[1,106],[1,107],[1,108],[1,109],[1,110]]","[[1,300,0]]",0,0,0
3032,揭示医疗药品轮廓时，30%概率直接显示其品质。,揭示医疗药品轮廓时，30%概率直接显示其品质。,,skillName_3032,skillDesc_3032,,3,8,[1],0,[0],0,[0],1,0,[7000],,,0,41,"[[3,0]]","[[1,101]]","[[1,300,0]]",0,0,0
3033,揭示时尚潮流轮廓时，30%概率直接显示其品质。,揭示时尚潮流轮廓时，30%概率直接显示其品质。,,skillName_3033,skillDesc_3033,,3,8,[1],0,[0],0,[0],1,0,[7000],,,0,41,"[[3,0]]","[[1,102]]","[[1,300,0]]",0,0,0
3034,揭示兵装军火轮廓时，30%概率直接显示其品质。,揭示兵装军火轮廓时，30%概率直接显示其品质。,,skillName_3034,skillDesc_3034,,3,8,[1],0,[0],0,[0],1,0,[7000],,,0,41,"[[3,0]]","[[1,103]]","[[1,300,0]]",0,0,0
3035,揭示珠宝矿藏轮廓时，30%概率直接显示其品质。,揭示珠宝矿藏轮廓时，30%概率直接显示其品质。,,skillName_3035,skillDesc_3035,,3,8,[1],0,[0],0,[0],1,0,[7000],,,0,41,"[[3,0]]","[[1,104]]","[[1,300,0]]",0,0,0
3036,揭示文物古董轮廓时，30%概率直接显示其品质。,揭示文物古董轮廓时，30%概率直接显示其品质。,,skillName_3036,skillDesc_3036,,3,8,[1],0,[0],0,[0],1,0,[7000],,,0,41,"[[3,0]]","[[1,105]]","[[1,300,0]]",0,0,0
3037,揭示数码娱乐轮廓时，30%概率直接显示其品质。,揭示数码娱乐轮廓时，30%概率直接显示其品质。,,skillName_3037,skillDesc_3037,,3,8,[1],0,[0],0,[0],1,0,[7000],,,0,41,"[[3,0]]","[[1,106]]","[[1,300,0]]",0,0,0
3038,揭示能源交通轮廓时，30%概率直接显示其品质。,揭示能源交通轮廓时，30%概率直接显示其品质。,,skillName_3038,skillDesc_3038,,3,8,[1],0,[0],0,[0],1,0,[7000],,,0,41,"[[3,0]]","[[1,107]]","[[1,300,0]]",0,0,0
3039,揭示食饮珍馐轮廓时，30%概率直接显示其品质。,揭示食饮珍馐轮廓时，30%概率直接显示其品质。,,skillName_3039,skillDesc_3039,,3,8,[1],0,[0],0,[0],1,0,[7000],,,0,41,"[[3,0]]","[[1,108]]","[[1,300,0]]",0,0,0
3040,揭示书画古籍轮廓时，30%概率直接显示其品质。,揭示书画古籍轮廓时，30%概率直接显示其品质。,,skillName_3040,skillDesc_3040,,3,8,[1],0,[0],0,[0],1,0,[7000],,,0,41,"[[3,0]]","[[1,109]]","[[1,300,0]]",0,0,0
3041,每局游戏开始时，随机使用其他角色的能力1次。,每局游戏开始时，随机使用其他角色的能力1次。,,skillName_3041,skillDesc_3041,,3,0,[0],0,[0],0,[0],1,0,[28002],,,0,11,"[[3,0]]","[[1,110]]","[[1,1000,0]]",0,0,0
3042,每局游戏开始时，指定使用其他角色的能力1次。,每局游戏开始时，指定使用其他角色的能力1次。,,skillName_3042,skillDesc_3042,,3,0,[0],0,[0],0,[0],1,0,[28001],,,0,11,[[0]],[[0]],"[[1,1000,0]]",0,0,0
3043,[使用消耗]显示所有当前已确定品质和轮廓的藏品。,[消耗]显示所有当前已确定品质和轮廓的藏品。,,skillName_3043,skillDesc_3043,,3,10,"[1,1,0]",0,[0],0,[0],1,0,[6000],,,1,0,[[0]],[[0]],"[[1,1000,0]]",0,0,0
3044,[使用消耗]显示所有藏品的轮廓,[消耗]显示所有藏品的轮廓,,skillName_3044,skillDesc_3044,,3,0,[0],0,[0],0,[0],1,0,[1000],,,1,0,[[0]],[[0]],"[[1,1000,0]]",0,0,0
3045,[使用消耗]显示所有藏品的品质,[消耗]显示所有藏品的品质,,skillName_3045,skillDesc_3045,,3,0,[0],0,[0],0,[0],1,0,[7000],,,1,0,[[0]],[[0]],"[[1,1000,0]]",0,0,0
3049,每个回合可使用的道具数量+1,每个回合可使用的道具数量+1,,skillName_3049,skillDesc_3049,,3,0,[0],0,[0],0,[0],1,0,[21002],,,0,21,[[0]],[[0]],"[[1,1000,0]]",1,0,0
3050,[使用/消耗]本回合可使用的道具数量无上限,[消耗]本回合可使用的道具数量无上限,,skillName_3050,skillDesc_3050,,3,0,[0],0,[0],0,[0],1,0,[21002],,,1,0,[[0]],[[0]],"[[10,1000,0]]",1,0,0
3054,道具消耗完时，立即随机获得一个道具,道具消耗完时，立即随机获得一个道具,,skillName_3054,skillDesc_3054,,3,0,[0],0,[0],0,[0],1,0,[25000],,,0,34,"[[1,11]]","[[3,0]]","[[1,1000,0]]",0,10,0
3056,道具携带量+1,道具携带量+1,,skillName_3056,skillDesc_3056,,3,0,[0],0,[0],0,[0],1,0,[16001],,,0,21,"[[1,2,3,4,5,6,7,8]]",[[0]],"[[1,1000,0]]",0,0,0
3065,每局游戏开始时，随机获得1个道具,每局游戏开始时，随机获得1个道具,,skillName_3065,skillDesc_3065,,3,0,[0],0,[0],0,[0],1,0,[25000],,,0,11,[[0]],[[0]],"[[1,1000,0]]",0,0,0
3066,每回合开始时丢弃1个道具，,每回合开始时丢弃1个道具，,,skillName_3066,skillDesc_3066,,3,0,[0],0,[0],0,[0],1,0,[27000],,,0,21,"[[1,2,3,4,5,6,7,8,9]]",[[0]],"[[1,1000,0]]",0,0,0
3067,每回合开始时获得1个道具，,每回合开始时获得1个道具，,,skillName_3067,skillDesc_3067,,3,0,[0],0,[0],0,[0],1,0,[25000],,,0,21,"[[1,2,3,4,5,6,7,8,9]]",[[0]],"[[1,1000,0]]",0,0,0
3068,每次获得遗物时，50%额外获得1个道具,每次获得遗物时，50%额外获得1个道具,,skillName_3068,skillDesc_3068,,3,0,[0],0,[0],0,[0],1,0,[25000],,,0,31,"[[1,8]]",[[0]],"[[1,500,0]]",0,0,0
3069,揭示藏品轮廓获得一次充能,[充能]揭示藏品轮廓获得一次充能,,skillName_3069,skillDesc_3069,,3,0,[0],0,[0],0,[0],1,0,[23002],,,0,41,"[[3,0]]","[[0,0]]","[[1,1000,0]]",0,0,1
3070,使用道具时获得一次充能,[充能]使用道具时获得一次充能,,skillName_3070,skillDesc_3070,,3,0,[0],0,[0],0,[0],1,0,[23002],,,0,33,"[[1,11]]","[[0,0]]","[[1,1000,0]]",0,0,1
3071,获得1个道具,获得1个道具,,skillName_3071,skillDesc_3071,,3,0,[0],0,[0],0,[0],1,0,[25000],,,2,0,[[0]],[[0]],"[[1,1000,0]]",0,0,0
3072,【使用/充能】每次获得家具物品藏品的完整信息时，获得1点充能,[充能]每次获得家具物品藏品的完整信息时，获得1点充能,,skillName_3072,skillDesc_3072,,3,0,,0,[0],0,[0],1,0,[23002],,,0,41,"[[4,0]]","[[1,101]]","[[1,1000,0]]",0,0,2
3073,【使用/充能】每次获得医疗药品藏品的完整信息时，获得1点充能,[充能]每次获得医疗药品藏品的完整信息时，获得1点充能,,skillName_3073,skillDesc_3073,,3,0,,0,[0],0,[0],1,0,[23002],,,0,41,"[[4,0]]","[[1,102]]","[[1,1000,0]]",0,0,2
3074,【使用/充能】每次获得时尚潮流藏品的完整信息时，获得1点充能,[充能]每次获得时尚潮流藏品的完整信息时，获得1点充能,,skillName_3074,skillDesc_3074,,3,0,,0,[0],0,[0],1,0,[23002],,,0,41,"[[4,0]]","[[1,103]]","[[1,1000,0]]",0,0,2
3075,【使用/充能】每次获得兵装军火藏品的完整信息时，获得1点充能,[充能]每次获得兵装军火藏品的完整信息时，获得1点充能,,skillName_3075,skillDesc_3075,,3,0,,0,[0],0,[0],1,0,[23002],,,0,41,"[[4,0]]","[[1,104]]","[[1,1000,0]]",0,0,2
3076,【使用/充能】每次获得珠宝矿藏藏品的完整信息时，获得1点充能,[充能]每次获得珠宝矿藏藏品的完整信息时，获得1点充能,,skillName_3076,skillDesc_3076,,3,0,,0,[0],0,[0],1,0,[23002],,,0,41,"[[4,0]]","[[1,105]]","[[1,1000,0]]",0,0,2
3077,【使用/充能】每次获得文物古董藏品的完整信息时，获得1点充能,[充能]每次获得文物古董藏品的完整信息时，获得1点充能,,skillName_3077,skillDesc_3077,,3,0,,0,[0],0,[0],1,0,[23002],,,0,41,"[[4,0]]","[[1,106]]","[[1,1000,0]]",0,0,2
3078,【使用/充能】每次获得数码娱乐藏品的完整信息时，获得1点充能,[充能]每次获得数码娱乐藏品的完整信息时，获得1点充能,,skillName_3078,skillDesc_3078,,3,0,,0,[0],0,[0],1,0,[23002],,,0,41,"[[4,0]]","[[1,107]]","[[1,1000,0]]",0,0,2
3079,【使用/充能】每次获得能源交通藏品的完整信息时，获得1点充能,[充能]每次获得能源交通藏品的完整信息时，获得1点充能,,skillName_3079,skillDesc_3079,,3,0,,0,[0],0,[0],1,0,[23002],,,0,41,"[[4,0]]","[[1,108]]","[[1,1000,0]]",0,0,2
3080,【使用/充能】每次获得食饮珍馐藏品的完整信息时，获得1点充能,[充能]每次获得食饮珍馐藏品的完整信息时，获得1点充能,,skillName_3080,skillDesc_3080,,3,0,,0,[0],0,[0],1,0,[23002],,,0,41,"[[4,0]]","[[1,109]]","[[1,1000,0]]",0,0,2
3081,【使用/充能】每次获得书画古籍藏品的完整信息时，获得1点充能,[充能]每次获得书画古籍藏品的完整信息时，获得1点充能,,skillName_3081,skillDesc_3081,,3,0,,0,[0],0,[0],1,0,[23002],,,0,41,"[[4,0]]","[[1,110]]","[[1,1000,0]]",0,0,2
3082,【使用】揭示一个家具物品藏品的完整信息。,[使用]揭示一个家具物品藏品的完整信息。,,skillName_3082,skillDesc_3082,,3,1,[101],0,[0],0,[0],1,1,[6000],,,1,0,[[0]],[[0]],"[[1,1000,0]]",0,0,0
3083,【使用】揭示一个医疗药品藏品的完整信息。,[使用]揭示一个医疗药品藏品的完整信息。,,skillName_3083,skillDesc_3083,,3,1,[102],0,[0],0,[0],1,1,[6000],,,1,0,[[0]],[[0]],"[[1,1000,0]]",0,0,0
3084,【使用】揭示一个时尚潮流藏品的完整信息。,[使用]揭示一个时尚潮流藏品的完整信息。,,skillName_3084,skillDesc_3084,,3,1,[103],0,[0],0,[0],1,1,[6000],,,1,0,[[0]],[[0]],"[[1,1000,0]]",0,0,0
3085,【使用】揭示一个兵装军火藏品的完整信息。,[使用]揭示一个兵装军火藏品的完整信息。,,skillName_3085,skillDesc_3085,,3,1,[104],0,[0],0,[0],1,1,[6000],,,1,0,[[0]],[[0]],"[[1,1000,0]]",0,0,0
3086,【使用】揭示一个珠宝矿藏藏品的完整信息。,[使用]揭示一个珠宝矿藏藏品的完整信息。,,skillName_3086,skillDesc_3086,,3,1,[105],0,[0],0,[0],1,1,[6000],,,1,0,[[0]],[[0]],"[[1,1000,0]]",0,0,0
3087,【使用】揭示一个文物古董藏品的完整信息。,[使用]揭示一个文物古董藏品的完整信息。,,skillName_3087,skillDesc_3087,,3,1,[106],0,[0],0,[0],1,1,[6000],,,1,0,[[0]],[[0]],"[[1,1000,0]]",0,0,0
3088,【使用】揭示一个数码娱乐藏品的完整信息。,[使用]揭示一个数码娱乐藏品的完整信息。,,skillName_3088,skillDesc_3088,,3,1,[107],0,[0],0,[0],1,1,[6000],,,1,0,[[0]],[[0]],"[[1,1000,0]]",0,0,0
3089,【使用】揭示一个能源交通藏品的完整信息。,[使用]揭示一个能源交通藏品的完整信息。,,skillName_3089,skillDesc_3089,,3,1,[108],0,[0],0,[0],1,1,[6000],,,1,0,[[0]],[[0]],"[[1,1000,0]]",0,0,0
3090,【使用】揭示一个食饮珍馐藏品的完整信息。,[使用]揭示一个食饮珍馐藏品的完整信息。,,skillName_3090,skillDesc_3090,,3,1,[109],0,[0],0,[0],1,1,[6000],,,1,0,[[0]],[[0]],"[[1,1000,0]]",0,0,0
3091,【使用】揭示一个书画古籍藏品的完整信息。,[使用]揭示一个书画古籍藏品的完整信息。,,skillName_3091,skillDesc_3091,,3,1,[110],0,[0],0,[0],1,1,[6000],,,1,0,[[0]],[[0]],"[[1,1000,0]]",0,0,0
